Winning Colour,Moves Count,Moves List
white won,32,1. k8-i8 d6-d9 2. a4-c4 g7-i7 3. h11-h9 g6-g10 4. e11-e10 g10-i10 5. g11-i11 i10-i9xi8 6. j6-j9xi9 i7-i9 7. k7-k9 h6-h3 8. f2-j2 g5-g9xh9 9. h1-i1 h3-k3 10. g1-h1 f6-i6 11. d1-d3 i6-i2 12. e1-e2 k3-k2xj2 13. j9-j2 k2-k3 14. j2-k2xk3 i2-j2 15. i1-j1 j2-j11 16. b6-d6xe6 j11-k11
white won,23,1. h1-h3 d6-d3 2. a5-c5 f4-c4 3. d11-d6 e7-c7 4. b6-c6 f8-c8 5. f10-b10 f7-f10 6. k8-f8 f10-j10 7. h11-j11 g7-g9 8. j6-j9xj10 f6-f7 9. k7-i7 f7-d7 10. e11-c11 g9-a9 11. b10-a10xa9 d7-d10 12. resigned
black won,48,1. h1-h3 f4-i4 2. g1-g3 h6-h9 3. j6-j9 d6-d9 4. e11-e10 e7-b7 5. a8-b8xb7 f7-b7 6. a7-a9 d9-b9xb8 7. e10-b10 e5-b5xb6 8. d11-c11 e6-e10 9. f10-i10 b5-b2 10. d1-b1 b7-b3 11. a4-a3 f6-c6 12. g3-c3xb3 c6-c4 13. a3-b3xb2 e10-e2 14. f2-i2 e2-c2xc3 15. e1-c1 c4-a4 16. b3-a3 c2-a2xa3 17. h3-a3xa2 b9-b2 18. b10-b3xb2 a4-b4 19. i10-b10 f5-f2 20. b1-b2 g5-g1 21. k6-h6xg6 b4-h4 22. b3-f3xf2 h4-h1 23. i2-i1 i4-j4 24. f3-j3 resigned
white won,19,1. k8-i8 f4-i4 2. j6-j2 d6-d9 3. d11-c11 e7-e10 4. f10-j10 e10-b10 5. e1-e3 e6-e9 6. b6-b8 f6-c6 7. f2-c2 c6-c10 8. b8-b9 f8-b8xb9 9. a8-a9 b10-b9 10. resigned
black won,34,1. f2-c2 g7-g10 2. h11-h10xg10 g6-g10 3. e11-e9 g5-j5 4. k4-j4xj5 h6-h2 5. j6-i6 f8-j8 6. a8-i8xj8 f6-h6 7. i6-i3 f7-j7 8. i8-i7xj7 h6-h8 9. e9-g9xg10 h8-c8 10. f10-c10 c8-i8 11. g9-i9 e6-i6xi7 12. k8-j8 i8-a8 13. i9-a9 i6-i11 14. b6-b8 e5-c5 15. j8-c8 f4-g4 16. i3-h3xh2 f5-f10 17. f1-f9xf10 resigned
black won,52,1. h1-h3 d6-d3 2. f2-c2 g7-i7 3. k8-i8 g6-g9 4. h11-h9 e7-c7 5. f10-f9xg9 e6-e9 6. d11-d9xe9 f6-c6 7. a8-c8 c6-c3 8. b6-b3 g5-j5 9. k4-j4xj5 i7-i2 10. g1-i1 d3-f3 11. h3-i3xi2 c3-c6 12. a7-b7 c6-g6 13. g11-g9 e5-e10 14. e1-e9xe10 c7-e7 15. k7-i7 g6-g2 16. j4-j2 f4-j4 17. k5-k3 g2-g1 18. d1-e1 e7-e4 19. e11-d11 f5-j5 20. d9-d1 f7-f5 21. d11-d8 f5-i5 22. e9-e8 f8-f4 23. g9-g7 f3-g3 24. h9-h7 h6-h3 25. i3-j3 f4-f3 26. f9-f7 resigned
white won,50,1. k8-i8 d6-d3 2. h1-h3 e5-b5 3. a7-b7 e6-e3 4. a8-c8 f6-c6 5. f2-c2 c6-c3 6. a4-b4xb5 c3-a3 7. c2-a2 a3-b3 8. a2-b2 b3-a3 9. b2-a2 d3-b3 10. d1-b1 f5-b5xb4 11. e1-c1 a3-a4 12. a2-a3 b3-b2 13. c8-c5xb5 b2-a2xa3 14. b1-b2 e3-c3 15. c1-c2 a2-a3 16. b6-b3 a4-d4 17. a6-d6 d4-d1 18. c2-c1 d1-d2 19. g1-g2 d2-c2 20. c5-c4 a3-a2xb2 21. b3-b2 a2-a3 22. b2-a2 c2-b2 23. c1-b1 c3-c1xb1xb1 24. a5-a4xa3 b2-b1 25. b7-b2 b1-a1
black won,66,1. h1-h3 d6-d3 2. f2-c2 g7-i7 3. k8-i8 e5-b5 4. a7-c7 g6-g9 5. h11-h9 e6-e2 6. a4-b4xb5 f6-c6 7. a8-d8 c6-c3 8. a5-a3 g5-j5 9. k4-j4xj5 c3-b3 10. c2-b2 f5-b5xb4 11. j6-i6xi7 f7-i7 12. i6-i3 g9-b9 13. b6-b7 b9-a9 14. f10-a10 e2-e5 15. a6-a8xa9 h6-a6 16. k6-i6xi7 f4-a4 17. a8-a7 f8-f4 18. d1-c1 e5-c5 19. i6-c6 b5-b6 20. c1-c4xc5 b3-c3 21. e1-c1 d3-d6xc6 22. k5-a5xa6xa4 c3-g3 23. g11-g10 g3-g7 24. i3-i7 d6-i6 25. a5-i5xi6 b6-i6 26. k7-k6 f4-i4xi5 27. c4-h4xi4 g7-g2 28. j4-j2 g2-g5 29. j2-j5 e7-e2 30. g1-g2 i6-i2 31. h3-i3 g5-g3 32. f1-i1xi2 e2-e1 33. i1-g1 resigned
white won,26,1. k8-i8 f4-c4 2. a8-c8 e5-e2 3. g1-g2 f5-c5 4. b6-b2 f6-f3 5. a4-a3 f3-b3 6. a7-b7 c4-c1 7. d1-d2xe2 c1-b1xb2 8. d2-b2 b1-c1 9. b2-b1 b3-b2 10. a3-a2 c1-c3 11. e1-c1 c3-a3xa2xa2 12. k4-d4 b2-a2 13. f2-c2 a2-a1
black won,100,1. h1-h3 f4-c4 2. f2-c2 f5-f2 3. h3-f3xf2 f6-f4 4. k4-i4 f4-h4 5. g1-i1 g5-j5 6. i4-j4xj5 g6-g1 7. k8-i8 h4-i4 8. f3-i3 i4-i7 9. h11-h9 i7-j7 10. f10-j10 j7-j8 11. i8-i10 j8-j9 12. k7-k9 j9-i9 13. d11-c11 g7-g9xh9 14. a8-a9 h6-h1 15. b6-b10 g9-g2 16. j4-j2 f7-k7 17. j6-j4 i9-i4 18. i3-j3 i4-i9 19. a4-b4 i9-i3 20. b4-b3 c4-a4 21. b3-a3xa4 i3-b3 22. c2-b2 b3-c3 23. d1-c1 d6-d1 24. a6-d6xe6 f8-f3 25. a3-b3 e5-e2 26. b2-c2 g2-f2 27. j2-i2 k7-h7 28. k5-e5 h7-h4 29. e5-e3xe2 c3-d3xe3 30. j4-i4 h4-e4 31. j3-h3 d3-d5 32. a7-d7 d5-k5 33. h3-k3 e7-k7xk6 34. d6-d4 k5-j5 35. i2-j2 e4-e3 36. a5-e5 j5-i5 37. i4-e4 f2-e2 38. b3-d3 g1-g6 39. e11-e6 i5-i2 40. f1-g1xh1 f3-f1xe1xe1 41. f11-f3xe3 g6-h6 42. g1-h1 i2-h2 43. d7-h7 h6-h3 44. g11-g7 h2-i2 45. i10-i7 k7-k8 46. j10-j8 i2-i6 47. a9-f9 i6-f6 48. f9-f7 k8-k5 49. k9-k6 f6-f4 50. j8-j6 resigned
black won,64,1. d1-d3 f8-i8 2. j6-j9 h6-h9 3. f10-i10 e7-b7 4. a5-c5 f7-c7 5. a8-b8xb7 f6-f10 6. d11-d10 f10-e10 7. d10-c10 h9-a9 8. e11-c11 e10-e9 9. c10-c9 e9-e10 10. b8-b10 f5-f10 11. j9-f9xf10 e10-d10 12. b6-b9 e6-e10 13. f11-d11 e5-e2 14. d3-d2xe2 d6-b6 15. h1-h3 d10-d3 16. a4-a3 b6-b2 17. c5-c2 d3-b3 18. a6-a4 b2-b1 19. c2-b2 b1-c1 20. h3-c3 c1-b1xb2 21. d2-b2 b3-b6 22. e1-c1xb1xb1 b6-a6 23. g11-f11 i8-a8xa7 24. k6-h6xg6 g5-a5 25. f9-e9 a6-b6 26. f11-e11xe10 g7-g6 27. d11-d6 a5-a6 28. c9-c8 b6-b7 29. e9-e7 f4-f9 30. e11-e9 b7-b5 31. g1-g5 b5-d5 32. c3-c6xc7 resigned
white won,23,1. h1-h3 f8-c8 2. a8-b8 e7-e10 3. g11-g9 e6-e9 4. d11-d8xc8 f7-b7 5. d8-d9 e5-b5xb6 6. a4-b4 d6-d3 7. b4-b2 f6-c6 8. d9-c9 c6-c1 9. b2-b1 c1-c2 10. b1-b2 d3-a3 11. b2-a2 c2-c1 12. resigned
black won,36,1. h1-h3 d6-d9 2. a5-c5 h6-h9 3. j6-j9 e7-c7 4. f10-c10 g6-j6 5. k4-i4 f6-i6 6. k8-i8 j6-j3 7. f2-j2 j3-k3 8. k7-k9 g5-g3 9. i4-i3 g3-g2 10. g1-i1 g7-i7 11. i8-i10 g2-b2 12. d1-b1 e6-c6 13. b6-b3xb2 f4-c4xc5 14. e1-c1 e5-e2 15. b1-b2 d9-b9 16. a8-a9 b9-b10 17. d11-b11 i6-d6 18. a9-b9xb10 resigned
black won,66,1. d1-d3 h6-h3 2. k8-i8 f4-c4 3. e1-e3 e7-e10 4. d11-d10xe10 e6-e10 5. a8-c8 g7-g10xf10 6. h11-h10 f8-f10 7. j6-j9 g6-g9 8. k7-j7 f6-i6 9. f2-i2 h3-j3 10. h1-h2 f7-f9 11. a7-a9 i6-i7 12. j9-h9 i7-b7 13. d10-b10 e5-b5xb6 14. a4-b4 c4-c2 15. f1-c1 c2-b2 16. d3-b3 b7-c7 17. c1-c5xb5 f9-c9xc8 18. e11-c11 d6-d1 19. k4-f4xf5 c7-c6 20. k5-k3 c6-d6 21. b4-d4 d6-d5 22. a5-a2 d1-d3xd4 23. c5-c2xb2 j3-f3xe3 24. h2-f2xf3 d3-d1 25. c2-c1 d5-d2 26. a2-b2 e10-e1 27. f4-f9xf10xg9 g10-g8 28. g11-g9 g8-e8 29. h10-d10 c9-c7 30. f9-e9 g5-a5 31. b3-a3 c7-a7xa6 32. j7-e7xe8 a5-j5 33. e7-j7 resigned
white won,45,1. d1-d3 f8-c8 2. h11-h9 h6-h3 3. k4-i4 g5-j5 4. k7-j7 j5-j2 5. f2-h2 g6-g2 6. f1-f2xg2 f6-i6 7. k8-i8 i6-i5 8. j6-j3 h3-i3xi4 9. j7-j4 i3-i1 10. d3-i3 i5-i4 11. h2-i2 e5-e2 12. g1-g2 f4-b4 13. f2-f4xf5 e6-e4 14. k5-k2xj2 i4-g4xf4 15. i3-e3xe2 d6-d2 16. e3-c3 e4-c4 17. a5-c5xc4 g4-c4 18. e1-c1 f7-f1 19. j3-j1xi1xi1 d2-c2xc3 20. a4-a3 c4-c3 21. j1-j3 c3-b3 22. c1-b1 f1-c1xb1 23. resigned
black won,70,1. d1-d3 f4-c4 2. e1-e3 d6-d9 3. b6-b9 g7-j7 4. k8-j8xj7 f7-j7 5. h11-h9 g5-j5xj6 6. k4-i4 f5-i5 7. k6-i6xi5 j7-j6xi6 8. h1-h3 f6-f4 9. g1-j1 f4-h4 10. j1-j4 g6-g1 11. h3-h1xg1 h4-h2 12. j4-j2 h2-i2 13. h1-i1 i2-i3 14. k5-k3 e5-i5xi4 15. f10-i10 i5-b5 16. a4-b4 i3-i9 17. k7-k9 d9-g9xh9 18. j8-j10 c4-c10 19. a6-b6xb5 e6-e5 20. a5-c5 e7-k7 21. i1-i6 j5-k5 22. b6-g6xh6 e5-h5 23. i6-i3 h5-h6xg6 24. e3-h3 f8-k8 25. h3-h5 g9-g7 26. i3-i5 i9-i6 27. j2-j5 k7-j7 28. a8-h8 g7-h7 29. g11-g7 h7-i7 30. e11-e6 j7-j8 31. i10-i8 j6-j7 32. h8-h7xh6 c10-h10 33. b9-h9 h10-h11 34. h5-h6 h11-i11 35. h9-i9 resigned
white won,50,1. d1-d3 f8-c8 2. h11-h9 h6-h3 3. k4-i4 g5-j5 4. k7-i7 j5-j2 5. f2-h2 g6-g2 6. f1-f2xg2 f6-i6 7. k5-i5 c8-i8xi7 8. f10-i10 i6-i7 9. k8-j8 i7-k7 10. j8-k8 k7-j7 11. k8-j8 j2-j5xj6 12. i4-h4xh3 j7-k7 13. j8-k8 j5-k5xk6 14. h2-j2 k5-j5 15. d3-k3 f5-h5xi5 16. g11-j11 g7-g3 17. h4-i4 h5-h4 18. i4-i2 j5-j9 19. k8-k9 h4-k4 20. j2-j5 k4-k5 21. i2-i5 f4-k4 22. f11-f8xf7 e6-j6 23. a4-j4 e7-j7 24. k9-k8 j9-k9xk8 25. a8-c8 i8-j8
black won,70,1. d1-d3 f4-c4 2. e1-e3 h6-h9 3. k5-i5 e7-e10 4. d11-d10xe10 e6-e10 5. a8-c8 g7-g10xf10 6. h11-h10 f8-f10 7. i5-i9 g6-g9 8. b6-b9 f6-i6 9. f2-i2 g5-g3 10. j6-j3 d6-d4 11. f1-c1 i6-b6 12. a4-b4 b6-b8 13. a5-d5xd4 c4-c5xd5 14. k8-h8xh9 f7-d7 15. c8-c9 f5-f2 16. d3-d2 c5-a5 17. e3-a3 b8-c8 18. d2-b2 c8-a8 19. b9-a9 e10-e8 20. b4-a4xa5 e5-b5 21. d10-b10 a8-c8 22. c9-c10 b5-j5 23. h8-j8 f10-f4 24. f11-f10xg10 j5-a5 25. h10-h9 g9-g7 26. g11-g9 g3-c3 27. h9-h8 f2-d2 28. i9-i5 d2-d6 29. k7-h7 g7-e7 30. k6-g6 c3-c6 31. k4-g4 f4-d4 32. i5-g5 d7-b7 33. b10-b8 b7-b6 34. a9-c9 c8-d8 35. c10-d10 resigned
white won,52,1. d1-d3 d6-d9 2. h11-h9 f4-i4 3. k8-i8 e5-e2 4. g1-g2 e6-e3 5. a4-c4 e2-c2 6. d3-c3 f6-c6 7. f10-c10 f5-b5 8. e1-c1xc2 e7-b7xb6 9. a8-a9 b7-b10 10. d11-d10 b5-b2 11. a6-b6 f7-b7 12. a5-b5 d9-d3 13. c3-b3 c6-c5 14. c1-b1xb2 d3-c3xc4 15. f2-c2 i4-a4 16. b3-a3 a4-a5xb5 17. c10-c7xb7 c5-b5 18. b1-b3 b10-b7xb6 19. c7-c10 f8-a8 20. d10-d3xc3 g6-a6xa7xa7 21. e11-b11 g5-c5 22. f1-f3xe3 g7-c7 23. g11-g6 a6-c6 24. a3-a4 b5-b6 25. k5-d5 b6-a6 26. b3-b5xc5 c6-b6
white won,31,1. h1-h3 d6-d3 2. a8-c8 f8-i8 3. h11-h9 g5-g2 4. e1-e2 g7-g10 5. e11-e9 g10-j10 6. f10-i10 f7-j7 7. k8-k10xj10 f5-j5xj6 8. g11-g10 i8-i3 9. h3-h2xg2 j5-j2 10. i10-i7xj7 f6-f5 11. k5-i5 f4-i4 12. i5-j5 i3-i1 13. g1-g3 f5-h5 14. k4-j4 h5-h3 15. k6-k3 h3-j3 16. resigned
black won,28,1. d1-d3 f4-c4 2. e1-e3 e7-e10 3. d11-d10xe10 e6-e10 4. a8-c8 g7-g10xf10 5. h11-h10 f8-f10 6. b6-b9 f7-f9 7. g11-i11 f6-f7 8. j6-j9 f7-i7 9. i11-i10 i7-i1 10. j9-j1 i1-i3 11. j1-j3 i3-i1 12. j3-j1 i1-i3 13. j1-j3 i3-i1 14. j3-j1 i1-i7
black won,28,1. d1-d3 h6-h9 2. k4-i4 e7-b7 3. a8-b8xb7 f7-b7 4. d11-d9 e5-b5xb6 5. f2-c2 e6-e9 6. e11-e10 f4-c4 7. f10-f9xe9 d6-d8 8. f11-c11 f5-f2 9. h1-h3 f2-j2 10. f1-f2 b5-b3 11. a6-b6xb7 f6-c6 12. a7-d7xd8 c6-c5 13. k5-i5 h9-j9 14. d7-f7xf8 resigned
white won,35,1. h1-h3 h6-h9 2. j6-j9 g5-g2 3. f2-c2 g6-g3 4. k6-i6 f4-i4 5. g1-i1 i4-i3xh3 6. j9-j1 g7-i7 7. k8-i8xi7 f7-i7 8. i8-i9 f5-i5xi6 9. k4-j4 f6-j6 10. i9-j9 i3-k3 11. j1-j2 j6-k6 12. k7-k8 k3-k4xk5 13. j4-j3 k4-k3 14. i1-i2 g3-i3xj3 15. f1-h1 i3-i4 16. j2-k2 e6-j6 17. h1-j1 i7-k7 18. resigned
black won,36,1. d1-d3 f8-i8 2. d11-d9 h6-h3 3. k5-j5 g7-i7 4. f10-i10 e7-e10 5. b6-b10 f7-b7 6. j6-j9 f6-f8 7. e11-c11 f8-c8 8. a4-c4 e5-e2 9. d3-e3xe2 d6-d2 10. a5-b5 f5-d5 11. b5-b2 d5-a5 12. e3-a3 c8-c5 13. c4-c2 g5-g2 14. h1-h2xg2 c5-i5 15. k4-h4xh3 i5-i2 16. j5-j2 g6-g2xh2 17. g11-g3xg2 i2-i1 18. j2-j1 resigned
white won,19,1. h1-h3 f8-i8 2. k5-i5 g7-g10 3. e11-e9 f7-j7 4. a8-f8 g6-g9 5. h11-h10xg10 j7-j10 6. j6-j9 i8-j8xj9 7. i5-i8xj8 f6-f7 8. f2-j2 f7-i7 9. g11-j11 i7-i1 10. resigned
black won,36,1. d1-d3 h6-h3 2. k8-i8 g7-j7 3. k5-i5 f7-i7 4. g11-g9 f8-c8 5. b6-b9 f6-f9 6. h11-h9 c8-c11 7. a8-b8 f9-c9 8. a4-c4 c9-c10 9. b9-b10 d6-d9 10. b8-b9 e5-e2 11. d3-e3xe2 d9-d2 12. e1-c1 d2-b2 13. a5-a2 f5-a5 14. c4-a4xa5 c10-c3 15. a4-a3 g5-d5 16. c1-c2xb2 c3-d3 17. j6-j3 f4-f3xe3 18. k6-i6xi7 resigned
white won,71,1. h1-h3 f4-i4 2. g1-g3 g5-i5 3. f2-i2 f5-f2 4. d1-d2 f6-f4 5. a4-c4 f4-h4 6. j6-j3 f2-h2xh3 7. f1-h1 h6-h10 8. k8-h8 h4-h7 9. h8-h9xh10 h7-j7 10. f10-j10 j7-j9 11. h11-i11 f8-k8 12. i11-i10 j9-k9 13. j10-k10 k9-i9 14. k10-k9xk8 g7-g9xh9 15. g11-i11 g9-a9 16. d11-d9 h2-h10 17. e11-e10 e7-b7 18. e10-a10xa9 e5-b5xb6 19. c4-c7xb7 i9-e9 20. a8-f8xf7 h10-c10 21. a7-a9 e9-e11 22. d9-d11 c10-c11xd11 23. c7-c10 b5-b10 24. i10-d10 g6-g11xf11 25. k9-d9 e11-e8 26. g3-g9 e8-c8 27. a6-c6 c8-c9xc10 28. a9-b9 c11-d11 29. d10-c10xb10 d11-c11xc10 30. j3-j10 c11-d11 31. a5-a9 e6-e9xd9 32. k6-e6xd6 c9-c11 33. b9-b11 d11-d6xe6 34. e1-e6xd6 c11-c7 35. b11-c11 c7-b7 36. resigned
white won,33,1. k8-i8 d6-d3 2. f2-c2 f8-c8 3. b6-b9 h6-h9 4. j6-j9 e7-e10 5. f10-f9 g7-g9 6. f9-e9xe10 f7-i7 7. i8-i10 g5-g2 8. h1-h3 g6-j6 9. k4-i4 g2-i2 10. g1-i1 j6-j2 11. h3-i3xi2 f6-j6 12. k5-j5 j2-j4xj5 13. i3-j3 h9-h4xi4 14. k6-k3 c8-k8 15. h11-h8 j6-k6xk7 16. g11-j11 e6-j6 17. resigned
white won,63,1. h1-h3 f4-c4 2. f2-c2 d6-d9 3. h11-h9 f8-c8 4. b6-b9 e6-b6 5. f10-c10 d9-d3 6. a4-a3 b6-b2 7. d1-d2 f6-b6 8. e1-b1 b6-b3 9. a5-a4 e5-e1 10. c2-c1 c4-c2 11. d2-d1xe1 c8-c4 12. f1-e1 f5-a5 13. a6-c6 d3-d6 14. h3-c3xc2 d6-d3xc3 15. c6-a6xa5 d3-k3 16. g1-g3 b3-f3 17. g3-h3 f3-f1 18. h3-h1 b2-j2 19. b1-b2 f1-f2 20. h1-h2 f2-f1 21. h2-h1 c4-i4 22. b2-h2 i4-i2 23. a4-g4 f1-f2 24. c1-c2 f2-g2xh2 25. e1-g1 g2-g3xg4 26. k8-i8 e7-e1 27. i8-i3 i2-i1 28. f11-f8xf7 e1-e4 29. f8-f2 g3-h3 30. i3-i4 h3-j3 31. i4-i2 j3-i3xi2 32. resigned
white won,33,1. d1-d3 f8-i8 2. h11-i11 g7-g10 3. e11-e9 g6-g9 4. j6-j10 g9-k9 5. j10-k10xk9 g5-g9 6. k8-k9 h6-h3 7. k10-j10 f6-j6 8. k4-j4 j6-j5 9. j4-j2 i8-i1 10. k5-k3 j5-j3 11. i11-i3 f4-j4 12. g1-g3xh3 i1-j1xj2 13. f2-j2 j1-i1 14. h1-h2 i1-j1xj2 15. h2-j2 j1-i1 16. b6-b2 i1-j1xj2 17. resigned
black won,38,1. h1-h3 f4-i4 2. g1-g3 i4-i2 3. j6-j2 f5-f3 4. a4-c4 f6-f4 5. k4-i4 f3-b3 6. a5-a3 d6-d3 7. f2-b2 f4-d4 8. d11-d9 b3-b4xc4 9. a8-c8 h6-h10 10. k6-h6xg6 d4-h4 11. h3-h2xi2 g5-j5 12. i4-i5xj5 h4-h3 13. k5-k3 f7-f3xg3 14. f1-i1 f8-i8 15. h6-h9xh10 h3-h8 16. h11-i11 g7-i7 17. f10-j10 i8-i10 18. h9-i9xi10 h8-h10 19. e11-e10 resigned
white won,21,1. g1-g3 h6-h3 2. g3-c3 g5-j5 3. k7-i7 f5-i5 4. k4-j4xj5 g6-g1 5. f2-i2 h3-j3 6. h1-i1 f6-h6 7. k8-h8 h6-h2 8. b6-b2 j3-j2xi2 9. k5-k2 j2-j1 10. i1-h1xg1 h2-j2 11. resigned
black won,48,1. h1-h3 f4-c4 2. f2-c2 f5-f3 3. b6-b3 f6-f4 4. k4-i4 g5-g2 5. j6-j2 e5-b5 6. a8-c8 f4-h4 7. k8-i8 g2-h2xh3 8. k5-k3 h6-j6 9. h11-h9 j6-j4xi4 10. g1-i1 j4-j9 11. k7-k9 h4-h8 12. i8-i9xj9 g7-g10 13. h9-h10xg10 h8-h9 14. d11-d9 f8-j8 15. h10-j10 j8-j9xi9 16. g11-i11 h9-e9 17. a7-b7 e9-e10 18. b7-b10 e10-c10 19. e11-c11 c10-c9 20. a6-a9 e7-c7xc8 21. d9-i9xj9 e6-e11 22. k6-h6xg6 f7-g7 23. f10-g10 e11-e6 24. a4-b4 resigned
white won,79,1. a4-c4 h6-h9 2. f10-i10 f8-c8 3. d11-c11 e5-b5 4. c4-b4xb5 d6-d3 5. b4-b2 f4-a4 6. j6-j9 f5-b5 7. b6-c6 f6-f4 8. c6-c5xb5 f4-b4 9. a8-b8 b4-c4 10. f2-c2 a4-a3 11. a6-d6xe6 c4-a4 12. b2-a2 a3-b3 13. a2-a3 b3-b2 14. a3-a2xb2 a4-a3xa2 15. c2-a2 d3-c3 16. b8-b3 c3-c1 17. c5-c3 a3-a4 18. a2-a3 a4-j4 19. c3-j3 c8-c2 20. e1-e4 c2-j2xj3 21. h1-j1 j4-i4 22. g1-i1 i4-i2 23. b3-b2 j2-j3 24. j1-j2 j3-k3 25. j2-k2xk3 i2-i3 26. k4-k3 i3-b3 27. a7-b7 c1-b1xb2 28. d1-d2 b1-c1 29. d2-b2 c1-b1xb2 30. k2-b2 b1-c1 31. e4-e2 c1-b1xb2 32. e2-b2 b1-c1 33. d6-d2 c1-b1xb2 34. d2-b2 b1-c1 35. i10-i2 c1-b1xb2 36. i2-b2 b1-c1 37. j9-j2 c1-b1xb2 38. j2-b2 b1-c1 39. k3-c3 c1-b1xb2 40. resigned
black won,133,1. h1-h3 f4-i4 2. g1-g3 g7-g10 3. h11-h10xg10 g6-g10 4. k8-i8 e7-e10xf10 5. d11-d10 g10-g9 6. b6-b9 g9-j9 7. k7-k9 g5-j5 8. k4-j4xj5 f5-j5 9. h3-h4xi4 f7-j7xj6 10. i8-i9xj9 j5-i5 11. f2-i2 j7-j9 12. h10-j10 h6-h9xi9 13. g11-i11 e5-e3 14. d1-d3 i5-i4 15. h4-h2 i4-c4 16. f1-f3xe3 c4-c10xd10 17. e11-c11 f6-f7 18. a7-c7 f7-d7 19. c7-c9xc10 e10-c10 20. b9-b10 f8-c8xc9 21. a8-a9 c8-c3 22. d3-d2 c3-c2 23. d2-d3 e6-e4 24. a4-a2 d7-b7 25. d3-b3 b7-b4 26. a2-b2 c2-c1 27. a5-a4 j9-j7 28. a9-c9xc10 b4-b9 29. a6-a9 h9-d9xc9 30. b2-b1 b9-c9 31. f3-c3 d6-d1 32. b3-b2 c9-c4 33. c3-b3 c4-c2 34. f11-f2 c2-c3 35. h2-h4 d1-d5 36. i2-i5 c1-c2 37. b1-c1 c2-d2 38. b2-c2 d2-d4 39. e1-e3 e4-e8 40. c1-d1 d5-b5 41. d1-d3 c3-c5 42. i5-d5xd4 e8-e5xd5 43. k5-i5 e5-e7 44. j4-j6 c5-c10 45. c2-c4 j7-j8 46. j6-j7 j8-b8 47. b3-b4 d9-d6 48. a4-a5 b5-b7 49. b4-b5 b8-g8 50. f2-f4 b7-b8 51. g3-g5 b8-f8 52. h4-h6 g8-g11 53. k6-k8 e7-e9 54. j10-h10 c10-g10 55. k9-i9 d6-d11 56. d3-d9 e9-e10 57. k8-g8 f8-f9 58. i9-g9 f9-f11 59. e3-e9 f11-f9 60. f4-f8 g10-f10 61. d9-d10 f10-g10 62. i11-h11 g10-f10 63. i5-i10 f10-f11 64. h10-f10xe10xf9 d11-e11 65. g9-g10 e11-e10 66. c11-e11xe10xg11 f11-g11 67. f10-f11
white won,90,1. h1-h3 d6-d9 2. f10-c10 e7-e9 3. a4-c4 f8-i8 4. j6-j9 g5-g3 5. k4-i4 g7-g10 6. k8-k10 f7-c7 7. b6-b9 g3-a3 8. f2-a2 a3-b3 9. a5-a3 f4-d4 10. c4-c3xb3 f5-j5 11. a2-j2 f6-f2 12. d1-d2 f2-i2 13. g1-i1 i2-i3 14. k5-k3 e5-i5xi4 15. h11-i11 g6-g3xh3 16. k10-j10 e6-e5 17. j9-g9xg10 g3-g8 18. k7-g7xg8 h6-h7 19. g7-g8 h7-k7 20. k6-k4 i8-i9 21. g11-g10 c7-j7 22. a6-j6 i5-i8 23. j10-j8xj7 k7-k8xj8 24. k4-j4xj5 i8-j8 25. g10-j10 e5-k5 26. i11-i10 i3-i8 27. f11-j11 d4-h4 28. a7-j7 i9-j9 29. e11-i11 i8-i7 30. j6-k6 k8-k7xj7xk6 31. k3-k4 i7-i6 32. i1-i4 h4-h6 33. g8-g6 h6-h3 34. i4-i3 h3-h6xg6 35. g9-g6 e9-e8 36. f1-h1 e8-i8 37. h1-h5 d9-h9 38. i3-i5 j8-j5 39. e1-e7 h9-h7 40. e7-g7 k7-k10 41. b9-h9 h7-j7 42. h9-h7xh6 i8-j8 43. g6-h6 i6-k6 44. h6-j6xj5 k6-k8 45. j6-k6xk5 j7-k7
black won,36,1. h1-h3 g5-g2 2. e1-e2 f4-i4 3. h3-g3xg2 h6-h3 4. f2-f3 f5-i5 5. e2-i2 f6-f4 6. a4-c4 h3-h1 7. h11-h6xg6 e5-b5 8. d1-d4 b5-b2 9. c4-c2 i5-i11 10. a5-c5 i4-i9 11. k4-h4 g7-j7 12. i2-i7xj7 e6-e2 13. a6-a2xb2 e2-f2xf3 14. g3-f3xf2 f4-g4 15. g11-g7 f8-g8 16. h6-g6 g4-g2 17. h4-h2 g2-g5 18. k5-h5 resigned
black won,118,1. h1-h3 f4-c4 2. f2-c2 d6-d9 3. b6-b9 e6-b6 4. h3-b3 f6-d6 5. f10-c10 f5-f2 6. j6-j2 d6-d3 7. g1-g3 d3-f3 8. k4-k3 h6-h3xg3 9. f1-i1 g5-g1 10. k6-h6xg6 h3-h1 11. h6-c6xb6 c4-k4 12. h11-h9 f3-f6 13. k5-k6 f6-j6 14. k8-j8 g7-g10 15. j8-j10 j6-j9 16. k7-k9 j9-i9 17. g11-i11 g10-g9xh9 18. k6-k5xk4 g9-g4 19. a5-d5 e5-i5 20. a4-e4 f2-f1 21. b3-f3 i9-i6 22. c2-f2 g4-k4 23. k5-k8 i5-k5 24. d5-h5 f7-k7 25. h5-h7 h1-h5 26. f3-j3 f8-f3xf2 27. d1-d3 i6-d6 28. e4-b4 d6-j6 29. b4-j4 d9-i9 30. i1-i4 i9-i6 31. i11-i7 i6-h6 32. i7-i6 g1-g8 33. h7-h8 g8-g6 34. f11-i11 h5-i5 35. i11-i7 f3-f11 36. a8-g8 j6-j9 37. g8-g11xf11 j9-j6xi6 38. i7-i6xi5 e7-j7 39. j10-j8 k5-i5 40. a7-i7 h6-h7xi7 41. i6-h6xg6xh7 j6-i6 42. h8-i8 j7-g7 43. h6-h10 i5-c5 44. d11-d7 f1-f3 45. e1-c1 i6-i5 46. c1-c4xc5 i5-g5 47. j3-g3 g5-f5 48. c4-c1 f3-f2 49. d3-d2 f5-f3 50. a6-a3 f2-h2 51. g3-g5 f3-b3 52. d2-b2 k4-k6 53. i4-i1 b3-b6 54. c6-c8 k7-h7 55. c8-a8 g7-g9 56. k9-h9 g9-d9 57. e11-d11 b6-d6 58. d7-e7 d6-d7 59. e7-e11 resigned
white won,23,1. a4-c4 f8-i8 2. h11-i11 g7-g10 3. e11-e9 f7-i7 4. f10-f8 g6-g9 5. k8-k9 g10-j10 6. f11-f9 f6-g6 7. g11-h11 g9-g11 8. e9-e10 g6-g10 9. h11-h10 i8-i10xh10 10. f9-i9xi10 g10-i10 11. f8-i8 j10-j9 12. resigned
white won,25,1. h1-h3 h6-h9 2. d11-d9 f8-i8 3. j6-j9 g6-j6 4. f2-i2 f6-i6 5. f10-i10 i6-i3 6. k4-k3 g5-g3xh3 7. g1-j1 g3-g1 8. j1-h1xg1 i3-a3 9. i2-a2 a3-c3 10. a4-a3 c3-c1 11. b6-b1 c1-c2 12. f1-f2 c2-c1xb1 13. resigned
white won,31,1. a8-c8 h6-h3 2. f2-i2 f8-i8 3. h11-h9 g7-g10 4. h9-g9xg10 f7-i7 5. g11-i11 f6-f9 6. g9-j9 f9-a9 7. f10-a10 g6-g10 8. b6-b10 a9-i9 9. a10-a9 f5-f9 10. j6-j8 i9-i10 11. j9-j10 f9-k9 12. c8-h8xi8 k9-k10xj10 13. j8-j10 k10-k9 14. h8-j8 k9-k10xj10 15. a9-j9 i10-j10 16. resigned
white won,127,1. h1-h3 f4-i4 2. g1-i1 g5-g3 3. f2-j2 i4-i3xh3 4. k4-k3 d6-d9 5. h11-h9 f5-j5 6. k7-i7 f6-f4 7. a4-c4 f4-d4 8. d1-d3 e5-e2 9. b6-b2 e2-d2xd3 10. a5-a3 j5-b5 11. f10-b10 b5-b4xc4 12. e1-c1 d4-c4 13. a6-c6 e6-d6 14. c6-c10 e7-e1 15. f1-h1 g3-g1 16. j2-f2 e1-f1 17. f2-h2 f7-f2 18. e11-e2 c4-d4 19. c10-c2xd2 d4-d2xe2 20. c1-d1 f1-e1 21. i1-i2 i3-h3 22. i2-i3 f8-f3 23. j6-j4 h3-g3 24. i3-h3 f2-g2 25. j4-e4 d6-d4 26. e4-e2 f3-f2xe2 27. f11-f3xg3 d4-f4xf3 28. h3-f3 f4-i4 29. f3-i3 d2-d4 30. k6-j6 d9-a9 31. d11-d8 d4-e4 32. d8-e8 g6-g3 33. k5-i5xi4 f2-e2 34. i3-h3 e4-i4 35. k3-i3 i4-f4 36. h9-f9 g3-e3 37. b10-a10xa9 g7-g3 38. k8-k4 f4-f8 39. i7-i8 f8-f7 40. i8-i7 h6-h10 41. k4-f4 f7-f8 42. j6-j8 h10-f10xf9 43. a8-a9 f8-f9 44. i7-i9 g3-f3 45. i5-f5 f10-d10 46. a10-b10 f9-f6 47. i3-i6 f6-f11 48. c2-c11 d10-h10 49. g11-h11 f11-f7 50. j8-j7 f7-c7 51. d1-c1 h10-h5 52. i6-i5 c7-c10 53. i9-i10 h5-h6 54. i5-i6 c10-c2 55. a7-d7 e1-d1 56. e8-e4 c2-c5 57. d7-d5 h6-e6 58. d5-e5 e6-d6 59. h3-g3 c5-c8 60. i10-i8 d6-d3 61. i8-d8 c8-c6 62. i6-d6 c6-c2 63. b10-b5 c2-c10 64. resigned
white won,39,1. h1-h3 f8-c8 2. b6-b9 h6-h9 3. f10-i10 f4-i4 4. g1-g3 g7-j7 5. j6-i6 j7-j6 6. i6-i8 f7-i7 7. i8-j8 h9-j9 8. i10-j10xj9 i7-i11 9. f11-f10 f6-f9 10. j8-j9 c8-c11 11. f10-b10 f9-c9 12. a4-c4 d6-d3 13. a5-a3 c9-d9 14. f2-b2 e7-e10 15. f1-f4xf5 g5-f5 16. f4-f2 f5-f10 17. g11-f11 i4-f4 18. j10-j11xi11 d9-i9 19. h11-i11 i9-i1 20. resigned
white won,26,1. h1-h3 d6-d3 2. d11-d9 e5-b5 3. a7-c7 e6-e3 4. f2-b2 f6-c6 5. d1-c1 f8-c8xc7 6. f10-c10 c6-c2 7. g1-g2 d3-a3 8. a4-b4xb5 a3-a2xb2 9. b4-b2 a2-a3 10. b2-a2 c2-b2 11. c1-b1 c8-c1xb1xb1 12. f11-f8xf7 b2-b1 13. c10-c7 b1-a1xa2
black won,119,1. h1-h3 f4-c4 2. f2-c2 f5-f3 3. b6-b3 d6-b6 4. a8-b8 e7-e9 5. h11-h9 f7-c7 6. a7-a9 e6-d6 7. d11-c11 f8-i8 8. k4-i4 g7-g10 9. f10-b10 f6-f9 10. j6-j10 g10-i10 11. g11-i11 i8-i9 12. k8-k9 g6-g9xh9 13. g1-g2 c4-d4 14. k5-j5 d6-d11 15. b10-h10xi10 f9-f10 16. b8-b10 d4-d10 17. i11-g11 c7-h7 18. j10-i10 h7-j7 19. i4-i7xj7 i9-h9 20. i7-i9 g5-g8 21. k7-i7 g8-j8 22. i9-j9 j8-h8 23. i7-i4 b6-d6 24. f1-f2 f3-f9 25. d1-d3 e9-c9 26. e1-e3 f10-e10 27. c2-c4 e10-e7 28. b3-b5 h8-b8 29. f2-f4 d6-c6 30. g2-g4 e7-a7 31. h3-h5 c9-c10 32. i4-i6 h6-d6 33. j5-j7 c6-c9 34. k6-k8 h9-h8 35. k8-i8 e5-e8 36. j9-h9 h8-g8 37. j7-h7 e8-e7 38. i8-h8 e7-f7 39. i6-g6 a7-e7 40. h5-f5 e7-e5 41. h7-g7 d6-d5 42. h10-g10 f7-e7 43. e3-e4 f9-d9 44. f11-f9xg9 d10-f10 45. g11-f11xf10 c10-f10 46. e11-e10xf10 d11-e11 47. g10-g9xg8 e7-e9xe10 48. i10-f10 b8-c8 49. h8-f8 c8-c7 50. g7-f7 d9-d11 51. d3-d4 c7-c6 52. c4-c5 c9-d9 53. b5-b6 d9-d8 54. a6-a8 e9-c9 55. a5-a7 c9-c7 56. a9-b9 d8-c8 57. a8-b8 c7-d7 58. a7-c7xc6 e5-e6 59. b6-d6xd5 e6-f6 60. e4-e6
white won,31,1. h1-h3 g5-g2 2. f2-c2 g6-g3 3. j6-j2 f8-i8 4. g1-i1 i8-i3xh3 5. k4-k3 h6-h10 6. k8-i8 h10-j10 7. k6-j6 d6-d9 8. h11-h9 e7-b7 9. a5-b5 f7-c7 10. a8-b8xb7 f6-f8 11. k7-k10 f8-c8 12. f10-c10 d9-a9 13. i8-i10xj10 e6-e9 14. d11-b11 a9-a8xb8 15. b6-b10 c8-c9 16. timeout
black won,40,1. f2-i2 d6-d9 2. f10-c10 f4-c4 3. b6-b3 h6-h3 4. j6-j9 g5-j5 5. h1-h2 e5-e2 6. a4-b4 f5-c5 7. d1-d4xc4 f6-f3 8. b3-e3xe2 h3-k3 9. h11-h3 f3-g3 10. i2-i3 j5-j2 11. g1-g2 g3-g4 12. k4-h4 c5-i5 13. i3-i4 k3-i3xi4 14. j9-j3xi3 g7-j7 15. f1-j1xj2 i5-i4xh4 16. h2-i2 g4-h4 17. k6-h6xg6 f7-h7 18. k8-h8xh7 i4-i10 19. i2-i7xj7 h4-i4 20. e1-i1 resigned
black won,14,1. h1-h3 g7-i7 2. k8-i8 g6-g8 3. h11-h9 f6-g6 4. g11-g9 g5-h5 5. k7-j7 g6-g2 6. j6-j2 g2-g4 7. g1-i1 timeout
black won,18,1. h1-h3 f4-i4 2. g1-i1 g5-g3 3. f2-j2 i4-i3xh3 4. k4-k3 f5-f2 5. b6-b3 e5-e3 6. a5-c5 d6-d4 7. c5-c2 f6-f5 8. f10-b10 f5-c5 9. a8-c8 timeout
white won,13,1. d1-d3 h6-h9 2. f10-i10 f4-i4 3. f2-i2 g7-j7 4. k8-j8xj7 f7-j7 5. i10-i7xj7 f8-i8 6. h11-h10 f6-f10 7. timeout
white won,19,1. h1-h3 f8-i8 2. k5-i5 d6-d3 3. a8-c8 e7-b7 4. b6-b3 f7-c7 5. d11-d9 e6-e10 6. d9-e9xe10 f6-f9 7. a7-a9 f9-k9 8. f10-k10 k9-j9 9. k10-j10 i8-i11 10. resigned
white won,15,1. g1-g4 h6-h4xg4 2. f2-g2 f8-i8 3. k4-i4 g7-g10 4. h11-h10xg10 g6-g10 5. k8-j8 i8-i10xh10 6. g2-g4xh4 f6-h6 7. g11-h11 h6-h2 8. resigned
white won,91,1. h1-h3 f4-i4 2. g1-i1 g5-g3 3. f2-j2 i4-i3xh3 4. k4-k3 f5-f2 5. d1-d3 f6-f4 6. a4-c4 g3-g1 7. e1-e2 e5-b5 8. c4-c5xb5 f4-c4 9. c5-c9 c4-c1 10. b6-b1 c1-e1xf1xf1 11. b1-d1 e6-e3xe2 12. c9-c2 g6-g4 13. a7-d7 h6-h1 14. a5-d5xd6 g4-c4 15. d3-c3 c4-c7xd7 16. e11-e8 e3-e5 17. k5-f5xe5 e1-e5 18. a6-e6xe7 c7-c5xd5 19. f5-i5 e5-d5 20. e6-b6 d5-d8xe8 21. d11-d9 d8-b8 22. f10-b10 b8-b7 23. b6-b5 b7-b9 24. i5-d5xc5 b9-a9 25. b10-a10 f7-a7xa8 26. j6-j10 a9-c9 27. a10-a9 c9-c11 28. b5-b11 c11-c4 29. b11-b10 a7-a3 30. a9-a4 c4-c11 31. b10-b11 f8-a8 32. d9-a9 a8-a5xa4 33. k6-b6 c11-c4 34. b11-c11 a3-b3 35. d5-d2 c4-a4 36. c2-a2 a4-a3xa2 37. d2-a2 i3-d3xc3 38. c11-c3 b3-b5 39. k3-e3xd3 g7-b7xb6 40. k8-b8 a3-a4 41. c3-a3 a4-c4 42. d1-c1 c4-c11 43. b8-b11 c11-d11 44. c1-c11 d11-d1 45. c11-c1 b5-b1xc1 46. resigned
white won,33,1. d1-d3 2. d1-d3 h6-h3 3. j6-j3 f8-i8 4. h11-i11 g7-g10 5. e11-e9 g6-g9 6. k8-k9 f6-j6 7. k9-j9 j6-j8 8. i11-i10 j8-k8 9. j9-k9 i8-j8 10. i10-j10 h3-h11 11. h1-h10xg10 j8-b8 12. f10-f8xf7 k8-i8 13. k9-i9 g9-h9xh10 14. k7-k9 h9-h10 15. i9-i11xh11 i8-i1 16. j3-j1 h10-h3 17. j10-j3 i1-i10 18. resigned
white won,9,1. a8-c8 d6-d9 2. d1-d8 e7-d7xd8 3. d11-d10 d9-b9 4. k8-h8 d7-c7 5. timeout
black won,8,1. d1-d3 e7-c7 2. a5-c5 f8-c8 3. f10-c10 f7-f10 4. h11-h9 timeout
white won,109,1. h1-h3 f8-c8 2. a5-c5 e7-e9 3. b6-b9 g7-i7 4. f10-i10 d6-d3 5. c5-c3 f7-f10 6. j6-j9 e5-e3 7. f2-b2 f10-b10 8. a8-b8 f6-f10 9. d11-d10 f10-e10 10. e11-b11xb10 c8-c10xd10 11. f11-c11 f5-f11 12. a6-d6xe6 c10-c6 13. b11-b10 e9-e6xd6 14. k4-i4 d3-d11 15. k8-c8 e6-e9 16. b9-d9 e10-f10 17. g1-g2 g5-j5 18. i4-i5xj5 f10-f8 19. k7-k8 f4-i4 20. h3-i3xi4 f8-f4 21. i5-i4 h6-h1 22. i3-i1 f4-f2 23. f1-g1xh1 f2-c2 24. d1-c1 c6-c4xc3 25. a4-a3 c4-g4 26. k6-h6xg6 e9-e7 27. i4-i3 c2-c6 28. g2-j2 g4-h4 29. b8-b7 c6-g6 30. h6-k6 g6-d6 31. a7-a6 f11-f1 32. g11-e11xd11 h4-h1xg1 33. e1-d1 e3-e1 34. k5-g5 f1-g1 35. i3-f3 e1-f1 36. g5-e5 d6-d5 37. e5-e1 i7-i3 38. k6-k3 d5-f5 39. e11-g11 f5-f4 40. f3-e3 g1-g5 41. k8-k7 f4-f8 42. k7-k8 f8-f6 43. b10-e10 e7-h7 44. c11-f11 f6-j6 45. e3-g3 f1-g1 46. h11-h9 h1-h4 47. i10-i8 h7-k7 48. g11-g8 g5-i5 49. i8-i7 i5-j5 50. j9-j7 j6-k6 51. h9-h6 h4-k4 52. g8-j8 k4-g4 53. a6-g6 g1-g2xg3 54. e10-e5 g4-j4 55. timeout
black won,74,1. h1-h3 f8-c8 2. d11-d9 e7-e10 3. d9-e9xe10 d6-d9 4. f10-f9 f4-i4 5. g1-g3 h6-h9 6. h11-h10 g7-g10 7. f11-f10xg10 g6-g10 8. k8-i8 f6-i6 9. h3-h8xh9 e6-e8 10. b6-d6 i6-e6 11. a6-c6 e6-e7 12. a7-c7 e7-d7 13. a8-a9 d9-d10 14. e9-c9xc8 d10-e10xf10 15. a5-b5 d7-d11 16. c9-c11 e10-b10 17. d6-d10 e5-d5 18. c7-c10 b10-b11xc11 19. c10-c11xb11 d5-d9xd10 20. b5-b10 d9-d3 21. f9-d9 f7-f11xe11 22. f2-f4xf5 d11-d10 23. k7-d7 e8-d8xd9 24. a9-d9xd8 g10-g9 25. e1-e11xf11 d10-g10 26. d7-g7 g9-j9 27. d9-g9 g10-d10 28. g7-d7 d10-d8 29. j6-d6 d8-a8 30. g9-a9 a8-a5 31. c6-c3 a5-f5 32. e11-e3xd3 g5-g7 33. g3-g5 f5-f6 34. k6-h6 f6-g6 35. i8-i5 i4-g4xg5 36. e3-g3 g4-h4 37. g3-g4 resigned
white won,46,1. h1-h3 f4-i4 2. g1-i1 g5-g3 3. h3-i3 f5-i5 4. k8-i8 f6-f3 5. d1-d3 g3-g2 6. j6-j2 e5-e2xf2 7. b6-b2 e2-d2 8. e1-d1xd2 e6-e1 9. f1-h1 g2-i2xi3 10. k4-k3 i4-c4 11. d1-c1 i2-d2 12. d3-b3 g6-g1 13. b2-c2 d2-d1 14. a5-e5 g7-g2 15. k3-i3 d6-d2 16. e5-e2xd2 f3-e3xe2 17. j2-h2 e1-e2 18. g11-g4 f7-f4 19. a6-g6 e2-d2 20. k7-f7 g2-f2 21. a7-d7xe7 i5-e5 22. i3-f3 e3-e1 23. f3-e3 d2-e2
white won,13,1. d1-d3 g5-g4 2. j6-j3 f8-i8 3. h11-i11 g7-g10 4. e11-e9 f7-j7 5. k8-j8 f6-f9 6. k7-k9 f9-j9xj8 7. resigned
white won,47,1. h1-h3 d6-d9 2. a5-c5 f4-i4 3. g1-i1 g5-g3 4. f2-j2 i4-i3xh3 5. k4-k3 e5-e2 6. c5-c2 g3-a3 7. a4-c4 e6-e3 8. a8-c8 f6-c6 9. f10-b10 f5-c5 10. c4-c3 c6-c7 11. a7-a9 c5-b5 12. b6-b7 d9-c9xc8 13. d11-c11 c7-c4 14. d1-b1 g6-b6 15. b7-c7 b5-b3 16. b1-b2 a3-a5 17. e1-b1 c4-a4 18. b2-a2 a4-a3xa2 19. c2-a2 e3-d3xc3 20. b1-b2 e2-e1 21. c7-c1 e7-a7xa6xa6 22. k5-d5 g7-g1xf1 23. e11-e8 f7-f4 24. timeout
black won,46,1. d11-d9 f4-i4 2. d1-d3 h6-h9 3. e1-e3 g7-j7 4. k5-j5 j7-j10 5. k8-i8 f7-i7 6. j6-i6xi7 e7-i7 7. k7-j7 h9-i9xi8 8. h11-h7xi7 e6-e10 9. d9-e9xe10 d6-d9 10. a8-c8 f8-f9xe9 11. g11-g8 f9-g9 12. e11-e10 g6-g7xg8 13. a7-f7xg7 g5-g7 14. h1-h6 e5-e7xf7 15. f10-f7xg7 g9-g7xf7 16. f11-f7xg7 f6-g6 17. h7-g7 g6-g2 18. j5-j2 i9-i8 19. a4-f4xf5 i8-f8xf7 20. g1-i1 f8-g8 21. a5-g5 g2-g4 22. e3-g3 g4-h4 23. b6-g6 resigned
black won,90,1. h1-h3 f8-c8 2. b6-b9 f4-i4 3. g1-i1 g5-g2 4. f2-c2 g6-g3 5. h3-j3 h6-h10 6. f1-h1 e5-b5 7. a4-a3 b5-b2 8. d1-d2 i4-a4 9. a3-a2xb2 g3-a3xa2 10. i1-i2 e6-e3 11. b9-b2 g7-g10 12. e11-e9 f7-h7 13. d11-d9 c8-c10 14. f10-f8 g2-g9 15. j6-j10 f5-c5 16. f11-c11 c10-b10 17. a8-a10 b10-b11 18. k8-k9 h7-h9 19. k7-i7 a4-b4 20. c2-c3 f6-f4 21. b2-b3 b4-b9 22. a7-a9 c5-c9 23. k5-b5 f4-f7 24. f8-f10 e7-a7 25. a10-b10 f7-b7 26. f10-c10 d6-c6 27. k6-k8 c6-c8 28. k4-e4 e3-f3 29. e4-f4 f3-g3 30. f4-f10 g3-g4 31. a5-a4 b7-b6 32. d2-a2xa3xa3 g4-b4xb5 33. c3-c4xb4 b6-k6 34. j3-k3 b9-b5 35. b10-b9xc9 b5-a5xa6 36. a9-a8 h9-h4 37. k9-h9xh10 k6-j6 38. i2-j2 j6-i6 39. h1-i1 c8-i8xi7 40. e9-f9xg9 i8-b8 41. h9-i9 b11-b10xb9 42. d9-b9 b8-b4 43. c11-b11xb10 h4-d4xc4 44. c10-c4xb4 d4-d11 45. b11-c11 resigned
black won,100,1. h1-h3 g7-g8 2. a5-c5 g8-j8 3. k5-i5 j8-j10 4. k8-h8 f7-i7 5. c5-c9 g6-g8 6. f10-i10 i7-i8xh8 7. k7-k10xj10 f8-b8 8. k6-k9 b8-b10 9. a8-a10 b10-b8 10. a10-b10 d6-d3 11. b6-b3 e6-c6 12. a6-b6 c6-c2 13. d1-c1 c2-c5 14. f2-b2 e7-k7 15. k9-k8 k7-k6 16. j6-j3 i8-i7 17. g1-i1 h6-h9 18. k10-k9 f6-j6 19. k9-j9 j6-j5 20. i5-i4 h9-h6 21. j3-j4 k6-k5 22. k8-k6xk5 i7-k7 23. k4-k5 g8-k8 24. f11-f9 h6-h9 25. g11-g9 h9-h7 26. a7-a8 b8-d8 27. g9-i9 g5-g2 28. i4-i2 k8-h8 29. b2-d2 d3-d6 30. i10-j10 h7-h4 31. i2-h2 g2-g10 32. h3-i3 f5-f8 33. j9-k9 g10-f10xf9 34. c1-c4 c5-c6 35. a4-a5 h8-i8 36. i9-i10 c6-c8 37. d11-d10 e5-e3 38. a5-b5 j5-c5 39. b3-d3 e3-e9 40. k9-k8xk7 c8-b8 41. b10-b9 c5-c7 42. j10-j9 c7-a7 43. b6-a6 b8-b7 44. k6-j6 b7-g7 45. e1-e3 g7-g5 46. d2-g2 a7-j7 47. i3-i5 g5-g3 48. h2-h3 f4-f3 49. k5-k7 i8-i6 50. i1-i4 resigned
black won,30,1. h1-h3 f4-j4 2. a4-i4xj4 e5-b5 3. i4-b4xb5 f5-b5 4. a7-c7 d6-c6 5. d11-d6xc6 g5-g2 6. e1-e3 f6-f5 7. k5-i5 f5-c5 8. f2-c2 c5-c6xd6 9. a8-d8 e7-e9 10. i5-c5xb5 e6-d6 11. a6-a9 e9-c9 12. d8-c8 c9-b9 13. f10-b10 g6-g4 14. d1-d4 h6-h4 15. h3-g3xg2 timeout
white won,23,1. d1-d3 f8-i8 2. d11-d9 h6-h3 3. h11-h9 g5-j5 4. k4-j4xj5 f5-j5 5. j6-j10 h3-j3xj4 6. f2-j2 f4-c4 7. e1-e2 f6-f4 8. k5-k3 i8-i1 9. d3-i3xj3 d6-d2 10. b6-b2 c4-c1 11. a4-c4 f4-f2xe2 12. timeout
white won,48,1. k8-i8 h6-h9 2. d11-d9 g7-i7 3. k4-i4 h9-i9xi8 4. e11-e10 f8-k8 5. f10-j10 i9-k9 6. h11-i11 f7-f9 7. g11-g10 f6-f8 8. a4-c4 f8-j8 9. g10-i10 j8-c8 10. e10-c10 c8-c9 11. b6-b9 f9-e9xd9 12. f11-d11 g6-g11 13. i11-h11 f5-f11 14. h1-h10 e9-e11 15. a7-c7 c9-h9 16. j6-h6 h9-h7 17. h6-h4 e7-e10 18. b9-c9 g5-g10 19. a8-f8 f11-f9 20. f8-d8 h7-f7 21. d1-d3 f9-g9 22. a5-b5 e6-e9 23. h4-h8 f7-f11 24. h8-f8 g9-f9
white won,55,1. d1-d3 f4-i4 2. j6-j3 g5-g3 3. f2-i2 f5-j5 4. h11-i11 f6-f4 5. a4-c4 e5-b5 6. c4-c5xb5 f4-a4 7. d3-a3 e6-e2 8. c5-c2 d6-d1 9. b6-b3 d1-c1 10. c2-b2 c1-c9 11. e1-c1 a4-b4 12. a6-b6 e7-b7 13. a8-b8xb7 f7-b7 14. b8-b9 b4-b5xb6 15. d11-d9xc9 b5-c5 16. f10-c10 f8-a8 17. a5-a6 g7-c7 18. d9-c9 g6-b6 19. a3-a5 j5-d5 20. b9-a9xa8 b7-b9 21. c10-b10 d5-d9xc9 22. e11-c11 b9-b7 23. g1-g2 h6-c6 24. g11-g4xg3 e2-e4 25. b3-b4 d9-d3 26. j3-e3 d3-b3 27. a5-b5 c5-j5 28. resigned
black won,26,1. h1-h3 h6-h4 2. k5-h5xh4 g6-h6 3. k7-h7xh6 f6-i6 4. f10-i10 i6-i9 5. d11-d9 f8-c8 6. e11-c11 g5-g2 7. h3-g3xg2 f4-j4 8. a4-i4xj4 i9-k9 9. i10-k10 k9-e9 10. k10-b10 c8-c9xd9 11. a8-a9 d6-d10 12. h11-h9 d10-j10 13. g11-j11 timeout
white won,25,1. h1-h5 f4-h4xh5 2. k5-h5 h6-h9 3. j6-h6 e7-b7 4. e11-e8 d6-d8xe8 5. d1-d6 e5-b5xb6 6. a6-c6 f5-c5 7. a4-f4 f7-c7xc6 8. a5-a6 c5-c6xd6 9. e1-e5 f6-f5 10. k7-h7 d8-d5xe5 11. f2-e2 d5-d3 12. d11-d5 d3-f3xf4 13. timeout
white won,99,1. d1-d3 h6-h3 2. h11-h9 e5-e2 3. d3-d2xe2 e6-e3 4. e1-c1 d6-d9 5. f10-c10 f8-i8 6. f2-i2 f6-c6 7. a4-a3 f5-b5 8. c1-c5xb5 f4-c4xc5 9. f1-c1 e7-b7 10. a8-b8xb7 f7-b7 11. c10-c9 g5-b5xb6 12. d2-b2 h3-j3 13. k4-k3 j3-j2 14. g1-g3 c4-k4 15. k5-c5xb5 c6-f6 16. d11-d10 g6-h6 17. c5-h5 j2-j5 18. j6-j10 k4-h4xh5 19. g3-j3 i8-i11 20. k8-i8 h6-i6 21. k7-j7 d9-g9 22. d10-i10 f6-f10 23. b8-b10 j5-c5 24. e11-c11 f10-h10 25. h9-i9 b7-d7 26. j10-j11 h10-f10 27. g11-h11xi11xi11 g7-g1 28. j3-j4 d7-d1 29. i8-f8 h4-f4 30. a6-h6 i6-i5 31. j7-j5 i5-g5 32. j5-h5 g5-g2 33. k3-h3 f10-d10 34. f8-d8 d10-d9 35. j11-j7 c5-c7 36. h11-h8 c7-d7xd8 37. i10-g10 g9-g7 38. i9-g9 d7-d2 39. a7-d7 d9-f9 40. h8-f8 g7-f7xf8 41. j7-g7 f7-f5 42. h5-g5 f5-d5 43. j4-g4 f9-f5 44. g9-e9 f5-e5 45. h3-g3 e3-d3 46. c9-c2 g2-f2 47. i2-g2 e5-e2 48. g3-f3 d5-e5 49. g5-f5xf4 e5-e3 50. resigned
white won,31,1. h1-h3 f8-i8 2. d11-d9 f4-c4 3. a7-c7 g5-g2 4. e1-e2 g6-g3 5. k4-i4 g3-b3 6. d1-c1 f5-j5 7. i4-i5xj5 f6-f3 8. f1-d1 b3-b2 9. d1-d3 f3-e3 10. a4-a2 c4-c3xd3 11. a5-a3 b2-b1 12. c1-d1 e3-e4 13. h3-g3xg2 e4-b4 14. e2-b2 b4-b3xb2 15. a2-b2 b1-c1 16. resigned
white won,35,1. h1-h3 d6-d3 2. f2-c2 f4-i4 3. g1-i1 f8-c8 4. b6-b9 f5-f2 5. i1-i2 g7-g10 6. k8-i8 e7-e10xf10 7. d11-c11 e6-e9 8. k7-k9 e9-i9 9. h11-i11 g10-j10 10. i11-i10xi9 h6-h10xi10 11. g11-i11 f6-f4 12. h3-f3xf2 g5-g2 13. a4-a3 g2-f2xf3 14. a5-c5 g6-g1 15. k4-k3 d3-i3 16. a3-f3xf2 g1-i1xi2 17. c2-j2 f4-g4 18. resigned
black won,36,1. h1-h3 f8-c8 2. b6-b9 d6-d3 3. f2-c2 e5-c5 4. k5-i5 g7-i7 5. g11-g10 e6-b6 6. d1-d2 f6-d6 7. f10-c10 b6-b2 8. a4-d4xd3 e7-e3 9. a5-a3 d6-b6 10. e1-b1 b2-a2 11. d4-b4 c5-b5 12. a3-c3 a2-a4 13. b4-b3 f7-f9 14. h11-h9 i7-i11 15. k4-h4 c8-i8 16. k8-j8 b6-f6 17. a8-h8xi8 f6-f7 18. k7-i7 resigned
black won,118,1. h1-h3 f8-c8 2. f10-c10 f4-i4 3. g1-g3 g7-g10 4. h11-h9 g10-j10 5. k7-i7 f7-h7 6. i7-i10 f6-f9 7. b6-b9 f9-g9 8. k8-i8 h7-j7 9. k5-j5 j7-j9 10. k6-k10xj10 j9-k9xk10 11. h9-i9 g9-h9 12. j6-j9 f5-f4 13. j5-j7 k9-k7 14. j7-j5 g6-g7 15. i8-k8 h6-k6 16. j5-k5 h9-h4 17. f1-i1 f4-b4 18. f11-f4 b4-b2 19. a4-c4 h4-g4 20. c4-e4 d6-d3 21. e1-e3 e6-d6 22. k4-j4 i4-i3 23. k5-k3 g4-i4 24. j4-j3xi3 i4-i2 25. j3-j2 i2-g2 26. a5-c5 g5-g4xg3 27. c5-c3xd3 g4-k4 28. i9-i5 k6-k5 29. f4-g4 k5-j5 30. i10-i6 k7-k6 31. i6-e6xe5 d6-d3 32. d11-d4 b2-b3xc3 33. d1-d2xd3 g2-g3 34. e11-e8xe7 g7-g5xg4 35. a7-k7 g5-h5xi5 36. e8-g8 g3-f3 37. e4-f4 b3-d3xe3 38. e6-e3 h5-f5xf4 39. d4-f4xf5 j5-f5xf4 40. a6-a4 f5-e5 41. a4-d4xd3 c8-c3 42. d2-d3 f3-f11 43. d4-d11 f11-f10 44. h3-h10 f10-f9 45. g8-g5 k4-b4 46. g5-k5xk6 f9-c9 47. k7-c7 c9-c8 48. f2-b2 c3-c6xc7 49. j2-c2 c6-i6 50. k8-i8 i6-k6 51. k5-j5 c8-h8 52. j5-j2 k6-k8 53. i8-i9 h8-j8 54. h10-j10 e5-b5 55. d3-a3 b4-f4 56. j9-k9 k8-k6 57. e3-e4 f4-f10 58. e4-e10 f10-f1 59. c2-c1 resigned
black won,88,1. h1-h3 d6-d9 2. a5-c5 e7-c7 3. e11-e10 f4-c4 4. h3-c3xc4 g5-g3 5. k4-k3 g6-g4 6. g1-i1 h6-h10 7. k8-i8 g7-g9 8. k7-k9 g9-i9 9. i8-k8 e6-e8 10. e10-b10 f8-j8 11. i1-i8xj8 f7-i7xi8 12. f1-i1 f5-f4 13. f2-j2 f6-c6 14. f10-c10 f4-c4xc5 15. b6-b3 h10-j10 16. h11-i11 e5-h5 17. g11-h11 i7-k7 18. j6-j8 g4-g10 19. k9-j9 c6-i6 20. k8-k9 i6-i8 21. k9-k8xk7 c7-k7 22. k6-i6 i9-h9 23. i6-k6xk7 i8-i10 24. k8-k10 e8-e11 25. f11-g11 g10-h10 26. a8-g8 g3-g7 27. k6-g6xg7 h9-h6xg6 28. g11-f11xe11 h10-h7 29. k5-k7 i10-i2 30. d1-d2 j10-g10 31. c10-c5xc4 h7-c7 32. d11-c11 d9-a9 33. g8-a8 i2-i9 34. e1-e9 c7-c9 35. c11-c10 i9-f9 36. c5-c8xc9 a9-d9xe9 37. a8-a9 g10-g1 38. d2-d1 d9-d4 39. c3-c2 h5-h1 40. f11-e11 g1-e1 41. c8-f8 d4-f4 42. b3-f3 f4-f7xf8 43. f3-f1xe1 f9-b9 44. a6-b6 resigned
white won,27,1. h1-h3 f8-i8 2. k4-i4 g7-g10 3. h11-h10xg10 g6-g10 4. f10-c10 i8-i10xh10 5. g11-i11 i10-j10 6. f11-f9 g5-g9 7. e11-e9 g9-k9 8. j6-j9 h6-h9 9. k8-j8 h9-i9xj9 10. k6-i6 f6-h6 11. k7-h7 f7-f8 12. j8-h8 j10-j6xi6 13. h7-k7 h6-h7 14. resigned
black won,24,1. h1-h3 f8-c8 2. h11-h9 d6-d3 3. f2-c2 g7-g10 4. f10-c10 f4-i4 5. g1-i1 g6-g9 6. k8-i8 f7-f9 7. g11-i11 e5-b5 8. b6-b9 f5-c5 9. d1-d2 b5-b2 10. d11-d4xd3 f6-f3 11. d4-d3 g5-g1 12. j6-j2 resigned
white won,133,1. d1-d3 h6-h9 2. k4-i4 d6-d9 3. a5-c5 g7-i7 4. f10-i10 e7-c7 5. b6-b9 e6-e10 6. a6-c6 f8-c8 7. d11-c11 e10-b10 8. c11-b11xb10 c8-c11xb11 9. a8-c8xc7 f7-c7 10. f11-f8 d9-d10 11. a7-a10 h9-c9xc8 12. d3-d9xc9 f6-d6 13. e11-d11xd10 d6-d2 14. c5-c2 e5-c5xc6 15. e1-e3 d2-d3 16. b9-b3 g6-a6 17. f8-a8 f5-e5 18. g11-e11 f4-f3xe3 19. d9-b9 d3-d1 20. c2-c1 d1-d2 21. c1-c2 e5-e1 22. i4-b4 d2-d4 23. h1-h4 d4-g4 24. k5-i5 g4-g2 25. j6-j2 e1-e2xf2 26. f1-d1 g2-i2 27. k6-k3 i2-i1 28. j2-j1 i1-i4 29. j1-j2 g5-g4xh4 30. g1-i1 a6-i6xi5 31. k8-j8 g4-g9 32. j8-j9 c11-c8 33. b4-b8 c8-h8 34. b8-b5 c5-g5 35. a4-a3 i6-j6 36. k7-k8 i7-k7 37. e11-e4 g9-g6 38. b3-e3 e2-h2 39. b9-b7 c7-h7 40. c2-f2 f3-h3 41. f2-g2 h7-h5 42. i1-i2xh2 h5-k5 43. h11-h9 h8-h7 44. a8-g8 g6-i6 45. b7-g7 h7-h5 46. d11-d6 k5-k4 47. i10-i7 j6-j7 48. d6-h6 h5-j5 49. g2-h2 j5-j4 50. e4-h4xh3 i4-i5 51. j2-j3 j7-j6 52. h4-h5 i5-k5 53. h5-j5xj4 i6-i5xj5 54. j3-j5 k4-j4xj5 55. k3-k4 j4-j3 56. k4-k3 g5-g4 57. h6-h4 i5-i4xh4 58. e3-i3xj3 k5-c5 59. g7-c7 c5-c1 60. b5-b1 g4-g1 61. d1-d11 g1-g2 62. h2-h1 c1-e1 63. c7-c1 e1-e11 64. g8-g11 e11-e10 65. g11-g10 e10-b10 66. d11-b11 j6-a6 67. resigned
white won,58,1. h1-h3 f8-i8 2. f10-i10 e7-b7 3. a8-b8xb7 d6-d9 4. a5-c5 e6-e10 5. c5-c9 e5-e3 6. b6-b3 d9-j9 7. d11-d10 f7-f10 8. k5-i5 f6-f9 9. h11-h9 f9-g9 10. k8-k9 i8-i9xh9 11. g11-i11 j9-j10 12. k9-k10xj10 i9-k9xk10 13. i5-i9 g9-h9 14. j6-j9 h6-i6 15. f2-i2 g5-g3 16. k4-i4 f5-j5 17. g1-j1 h9-h4 18. j1-j4 f4-f2 19. i2-g2 h4-c4 20. d1-c1 f2-b2 21. b8-b4 g6-b6 22. c9-c6xb6 g7-c7 23. f1-f9xf10 c7-c10xd10 24. f9-e9xe10 j5-a5 25. a6-b6 c4-c2 26. a4-a3 b2-b1 27. b3-b2 e3-b3xb2 28. c6-c3xb3 c2-a2 29. b4-g4xg3 a2-a1
white won,97,1. d1-d3 h6-h3 2. f2-i2 g5-g2 3. j6-j3 f5-i5 4. f10-i10 g6-i6 5. k7-j7 f6-h6 6. h11-h9 g7-g9 7. f11-f9xg9 g2-g9 8. j7-j9 i6-i9xh9 9. g11-h11 h6-h10 10. f9-f10 e7-e10 11. d11-d10xe10 e6-e10 12. f10-f11 g9-c9 13. f11-f10xe10 h10-g10 14. f10-e10 i9-i7 15. b6-b9 f7-b7 16. d10-d9xc9 i7-c7 17. e10-c10 f4-c4 18. a5-b5 h3-f3 19. e1-c1 g10-g2 20. d3-d2 f3-b3 21. a4-a3 g2-g3 22. c1-c3xb3 e5-e1 23. d2-d1xe1 f8-f2 24. e11-e2 d6-d2xe2 25. d9-d3xd2 f2-c2xc3 26. b5-b2 g3-e3 27. d1-c1 c2-c3xd3 28. k6-e6 c4-c6 29. e6-e11 b7-b4 30. k5-j5 c6-h6 31. h1-h5xi5 b4-h4xh5 32. j5-h5 h6-h9 33. j3-h3xh4 e3-e5 34. h11-h10 h9-e9 35. h10-e10 e5-e8 36. e11-d11 e9-h9 37. e10-h10 e8-h8 38. b9-g9 h8-b8 39. g9-b9 h9-d9 40. a7-b7 b8-d8 41. k8-e8 d9-f9 42. e8-e7 d8-k8 43. i10-k10 k8-k9xk10 44. h10-k10 f9-i9xj9 45. h3-j3 k9-j9 46. k10-j10 i9-i11 47. k4-k9 i11-j11xj10 48. c10-j10 j11-i11 49. resigned
white won,24,1. k8-i8 h6-h9 2. d11-d9 g7-i7 3. j6-j9 h9-i9xi8 4. h1-h3 g6-j6 5. f2-j2 f6-i6 6. k4-i4 f8-k8 7. h11-h9xi9 i7-i9 8. j9-k9xk8 g5-g9xh9 9. f10-i10 i6-i8 10. g11-j11 i8-c8 11. f11-f8xf7 c8-c11 12. i4-i6xj6 c11-a11
white won,31,1. d11-d9 h6-h9 2. f10-i10 f4-i4 3. f2-i2 d6-d3 4. b6-b3 d3-j3 5. h1-i1 g5-j5 6. k4-j4xj5 f5-j5xj4 7. i10-i5xj5 g6-i6xi5 8. k5-k3 e5-j5 9. j6-j9 j3-j2 10. k3-k2xj2 j5-j2 11. i2-h2 i6-i11 12. h2-i2xj2 f6-j6 13. i2-j2 j6-j8 14. k8-k10 i4-i10 15. k7-k9 i10-j10xj9 16. resigned
black won,26,1. h1-h3 f4-i4 2. g1-i1 g5-g3 3. h3-i3 e5-e4 4. k5-i5xi4 f5-f4 5. d1-d3 g7-g10 6. h11-h10xg10 e6-e5 7. a8-c8 g3-g2 8. f2-c2 f4-i4 9. i5-i9 g2-i2xi3 10. d3-i3xi2 h6-h2 11. i9-i5xi4 e4-i4 12. j6-j2 h2-i2xi3 13. i5-i9 timeout
black won,116,1. f2-i2 d6-d3 2. b6-b3 e7-e10 3. d11-d10xe10 e6-e10 4. a6-c6 g7-g10xf10 5. h11-h10 f8-f10 6. j6-j9 f7-f9 7. c6-c9 f6-c6 8. i2-c2 g5-i5 9. k8-i8 g6-g2 10. h1-h3 c6-g6 11. k4-i4 g2-i2 12. k6-i6xi5 f5-i5 13. g1-i1 g6-g2 14. j9-j2 i2-i3xi4 15. k5-k3 g2-g3xh3 16. a7-g7 g3-g6 17. g7-g9xg10 h6-h9xg9 18. i8-h8xh9 f9-i9 19. i6-j6 i9-j9 20. g11-g7 g6-i6 21. g7-i7 i6-g6 22. a8-g8 f4-f9 23. k7-k9 f9-i9 24. c9-f9xf10 g6-a6 25. g8-a8 a6-c6 26. f9-c9 e10-e8 27. h8-i8 c6-b6 28. a8-b8 b6-h6 29. h10-i10xi9 h6-h11 30. i10-i11 h11-h10 31. i8-i10 j9-j10xi10 32. i7-i10 h10-h9 33. d10-h10 h9-j9 34. k3-k8 j9-j7 35. j6-j3 j10-j11 36. k9-j9 j7-j8 37. i10-j10 i3-g3 38. e11-e10 d3-d4 39. a5-d5 d4-k4 40. j3-k3 e5-e4 41. j2-j7 j8-h8 42. k8-k5xk4 e4-k4 43. k5-k8 i5-j5 44. c2-j2 k4-k7 45. k3-k6xk7xk7 g3-k3 46. j7-h7 h8-i8 47. d5-i5 i8-i6 48. k6-k5xj5 i6-a6 49. h7-a7 a6-d6 50. d1-d5 e8-e4 51. d5-d4 d6-h6 52. f11-f4xe4 h6-h2 53. e1-e2 h2-i2 54. i5-i3 k3-k2xj2 55. j9-j2 i2-g2 56. k5-k3xk2xk2 g2-g11 57. c9-c11 g11-h11xi11 58. i3-i11xj11xj11 resigned
black won,103,1. h1-h3 g5-g2 2. f2-c2 f4-i4 3. g1-i1 g2-j2 4. i1-i2 h6-h9 5. f10-i10 g7-j7 6. k8-j8xj7 f7-j7 7. j8-j9 f5-j5xj6 8. k4-k2xj2 f8-c8 9. b6-b9 c8-k8 10. h11-h10 g6-g8 11. i10-i9 f6-j6 12. k2-k4 j5-j3 13. f1-j1 g8-g1 14. i2-i1 i4-i3 15. a8-h8xh9 g1-g3xh3 16. d1-d3 j3-j2 17. k4-k3 j6-j3 18. k5-k4 e7-i7 19. g11-g5 i3-i5 20. j9-k9xk8 e6-h6 21. k4-h4 j7-j4 22. k6-k4 h6-k6 23. h8-j8 d6-j6 24. h4-i4xj4 g3-i3xi4 25. a4-i4 i5-k5 26. i1-i2xi3 j6-j4 27. h10-h7 j2-k2xk3xk4 28. j1-j2 j3-h3 29. j8-j7xi7 h3-h1 30. i2-i1 k2-k3 31. h7-h3 h1-h2 32. i1-i2 h2-e2 33. j2-j3 k5-j5 34. j7-j6 e2-e4 35. h3-h4 e4-c4 36. a7-c7 c4-c6 37. h4-h6 c6-c3 38. e1-e4 c3-a3 39. c2-a2 e5-c5 40. i2-c2 c5-c4 41. b9-b5 a3-b3 42. a2-b2 c4-a4 43. b5-b4 b3-a3 44. b2-a2 a3-c3 45. a2-a3xa4xa4 k3-k2 46. a3-b3 c3-c5 47. d11-d5 k2-j2xj3 48. c7-c6 c5-c4 49. e4-d4 j2-e2 50. e11-e4 k6-k3 51. c6-c5 c4-c3 52. c5-c4
white won,48,1. b6-b9 f4-c4 2. f10-c10 h6-h3 3. k8-i8 e5-b5 4. d1-d3 e6-e2 5. g1-g2 e2-b2 6. a4-a2 c4-c3 7. a5-a3 e7-e3xd3 8. f2-c2xb2 b5-b2 9. g2-d2 f5-f4 10. c10-c4xc3 g5-i5 11. j6-j3 g6-i6 12. k4-k2 i5-i1 13. k5-k3 g7-g1xh1 14. g11-g10 i6-i2 15. k6-h6 f6-g6 16. i8-i4 f7-i7 17. h6-i6 i1-j1 18. k2-j2 g6-g2 19. h11-h4 e3-g3 20. g10-g5 g2-h2 21. j3-i3 h2-e2 22. b9-b3 e2-e10 23. d11-d10 e10-k10 24. d2-h2xh3xi2 k10-k11
black won,77,1. g1-g2 f8-i8 2. f10-i10 f7-f9 3. j6-j9 f6-f8 4. a8-d8 e5-c5 5. a7-c7 h6-h3 6. e11-e9 f5-d5 7. d1-d3 g5-j5 8. k6-i6 f4-i4 9. k4-k3 e6-e2 10. f2-f4 d5-d4 11. d3-e3xe2 g6-e6 12. a4-c4 f8-f5 13. f4-f3 d4-d2 14. b6-b2 f5-f4 15. e1-e2 e6-e4 16. h1-i1 j5-j1 17. f1-h1 i4-i5 18. i1-i4xi5 h3-j3 19. i4-g4 c5-h5 20. h1-i1xj1 h5-h4xg4 21. i6-i3xj3 d2-d1 22. c4-c1 d6-d2 23. c7-c2xd2 d1-f1 24. f3-h3 e4-b4 25. a5-b5 f4-c4 26. d8-c8 e7-a7 27. e3-b3xb4 c4-a4 28. b3-a3 a4-a5xa6 29. g11-g9xf9 i8-i6 30. k5-h5xh4 a7-b7 31. e9-a9 f1-f4 32. e2-e4 a5-a8 33. g9-b9 i6-d6 34. g2-g4xf4 d6-d2 35. e4-e2xd2 g7-g9 36. a3-a7 a8-b8 37. a9-a8 g9-d9 38. k8-d8 b7-d7xd8 39. a7-b7
white won,49,1. h1-h3 g5-g2 2. f2-c2 f4-i4 3. g1-i1 d6-d3 4. b6-b3 f8-c8 5. f10-c10 h6-h9 6. k8-i8 g7-j7 7. j6-j2 g6-g9 8. k7-k9 h9-i9 9. c10-i10xi9 e7-e10 10. d11-d9 e6-e9 11. a6-d6 c8-c9xd9 12. e11-c11 e10-b10 13. b3-b9 f7-b7 14. c11-b11xb10 c9-c11xb11 15. i10-b10 f5-h5 16. h11-j11 g9-i9 17. b10-i10xi9 f6-f10 18. d6-d10 f10-e10 19. d10-b10 e10-d10 20. a8-a10 d10-d11 21. a7-a9 c11-c10 22. b10-b11 d11-c11xb11 23. b9-b11 c11-d11 24. b11-c11 b7-b11xc11xc11 25. resigned
black won,42,1. f2-i2 f8-c8 2. e11-e10 d6-d3 3. b6-b3 g5-j5 4. k4-j4xj5 f5-j5 5. h1-h3 g7-j7xj6 6. k8-j8 f7-i7 7. d11-d9 f6-f9 8. h11-h9 f9-e9 9. d9-c9 e7-c7 10. k6-j6xj7xj5 d3-d10 11. c9-b9 c8-c11 12. d1-d6xe6 d10-b10 13. f11-d11 e9-d9 14. a8-b8 d9-d10 15. a7-a10 d10-c10 16. a4-c4 e5-e8 17. a6-a7 g6-e6 18. d6-d2 i7-d7 19. d2-d6xe6 c11-b11 20. d11-c11xb11 b10-b11 21. g11-d11 resigned
black won,80,1. h1-h3 f8-c8 2. f10-c10 f7-f10 3. h11-h9 f6-f9 4. b6-b9 f10-i10 5. j6-j10 i10-i11 6. k4-i4 c8-i8 7. k8-j8 f9-g9 8. a8-h8xi8 i11-i9xh9 9. j8-j9 g9-h9 10. g11-i11 g7-h7xh8 11. k5-j5 h9-h8 12. a7-a8 h8-b8 13. f2-b2 b8-b3 14. a4-a3 f4-a4 15. d1-c1 f5-f4 16. g1-g2 i9-i8 17. a5-b5 f4-b4 18. b5-a5xa4 e7-a7 19. e11-e10 e5-c5 20. d11-d9 e6-e7 21. c10-c8 e7-b7 22. b9-b8 d6-b6 23. c8-c6xb6 b7-c7xc6 24. e1-e6 i8-d8 25. e6-c6 c7-c10 26. i4-c4xc5 b4-b6 27. c6-c5 c10-d10xd9 28. c5-c10xd10 g6-c6 29. f11-d11 g5-c5 30. c4-a4 b3-g3 31. a4-i4 d8-d9 32. c10-c9 d9-d4 33. c9-c7 g3-g8 34. d11-d8 g8-g11 35. e10-e11 h7-h9 36. c7-c9 g11-g8 37. a8-a9 g8-e8 38. d8-d10 a7-b7 39. a9-a7 b7-g7 40. a7-b7 resigned
white won,21,1. d1-d3 f8-i8 2. f10-i10 h6-h3 3. f2-i2 d6-d9 4. a8-a9 e7-b7 5. a5-c5 f7-c7 6. d11-c11 b7-b10 7. f11-f9 f6-f8 8. b6-b8 f8-c8 9. i10-d10 c8-c10 10. e11-e10 b10-b9 11. resigned
black won,184,1. h1-h3 d6-d9 2. a5-c5 f8-i8 3. f10-i10 f7-f10 4. c5-c9 f6-f8 5. e11-e9xd9 f8-b8 6. d11-b11 b8-c8 7. d1-d10 c8-c1 8. b6-b1 e6-c6 9. a4-c4 c1-c3 10. e1-c1 e5-c5xc4 11. a6-a3 c3-g3 12. k4-i4 g3-g2 13. j6-j2 e7-e2xf2 14. b1-b2 g2-i2 15. g1-i1 i2-i3 16. k5-k3 g5-g3xh3 17. i4-j4 g3-g1 18. f1-e1 i3-e3 19. e9-f9xf10 h6-h1 20. d10-d1 e3-e11 21. c9-c11 e11-e9 22. a8-a9 g7-g9xf9 23. j4-j9 i8-a8 24. a7-a6 e9-e3 25. a6-a7xa8 f4-f1 26. k6-h6xg6 g9-g2 27. g11-g4 g2-h2 28. g4-f4xf5 e2-f2 29. j2-i2 e3-j3 30. i2-j2 j3-f3 31. f4-g4 g1-g3 32. g4-i4 c5-g5 33. h6-h3 c6-c3 34. c1-c2 c3-e3 35. c2-e2 e3-e4 36. i4-h4 g5-g11 37. f11-f8 g11-g5 38. h11-h5 g5-d5 39. d1-d3 e4-e9 40. a7-a5 e9-e8 41. k8-g8 g3-g2 42. k7-h7 f3-f7 43. j9-e9 f7-c7 44. a5-c5 c7-c10 45. b11-b10 c10-e10xe9 46. h5-e5xd5 e10-e11 47. f8-f11 f2-f9 48. f11-h11 e8-d8 49. h7-h9 e11-e6 50. b2-b5 e6-h6 51. g8-k8 d8-d5 52. e5-e4 d5-i5 53. h9-j9 h6-g6 54. b5-b6 g6-g4 55. h3-i3 i5-g5 56. d3-f3 g4-f4 57. e2-f2 g5-d5 58. e4-e5xd5 f4-d4 59. e1-c1 d4-d2 60. b6-b2 d2-e2xf2 61. c5-c2 f1-e1 62. f3-f2 g2-g3 63. f2-f4 g3-f3 64. f4-g4 h2-g2 65. g4-g3 f3-e3 66. h4-f4 e2-f2 67. h11-h2 e3-e2 68. c1-d1 f2-f3 69. e5-f5 f9-g9 70. k8-g8 g9-e9 71. j9-f9 e9-e3 72. a3-d3 e2-d2 73. g8-e8 e3-e7 74. i10-i6 e7-e5 75. d3-d5xe5 f3-a3 76. b2-a2 a3-a6 77. f4-a4 a6-h6 78. f5-f2xg2 h6-h11 79. i6-i11 h11-h3xh2 80. f2-f1xe1 h3-h10 81. i3-i10 h1-h9 82. i1-i9 h9-h7 83. e8-e2xd2 h7-j7 84. i10-j10 h10-h1 85. i9-i1 h1-h9 86. k3-k9 h9-h3 87. k9-k3 j7-k7 88. f9-k9 k7-f7 89. f1-f3 h3-h6 90. d1-h1 f7-c7 91. a2-b2 h6-d6 92. c2-c4 resigned
white won,31,1. a4-c4 f8-c8 2. d11-c11 e7-e10 3. g11-g9 e10-b10 4. a8-a10 f7-b7 5. c11-c10xb10 f6-f9 6. c10-c9 h6-h9xg9 7. c4-c7xb7xc8 g7-g10 8. h11-h10xg10 g6-g10 9. f10-d10 h9-k9 10. h1-h9 g5-g2 11. e1-e3 f9-g9 12. h10-k10xk9 f4-i4 13. e3-g3xg2 i4-i9xh9 14. j6-j9 g9-h9 15. k10-i10 h9-h1 16. resigned
white won,25,1. b6-b10 d6-b6 2. d1-c1 e6-c6 3. f2-b2 f6-d6 4. e11-e9 d6-d9 5. a8-a9 f8-f9xe9 6. a4-d4 f9-k9 7. f10-k10xk9 d9-k9xk10 8. b10-k10 k9-b9 9. k10-b10 c6-c11 10. c1-c6xb6 c11-b11xb10 11. c6-c10 b9-b10 12. a9-a10 b11-c11 13. resigned
white won,43,1. b6-b10 e7-c7 2. f2-b2 e6-e9 3. a8-a9 g7-i7 4. f10-j10 f8-f10 5. k8-k9 g6-g9 6. h1-i1 g5-g2 7. j6-j2 e5-b5 8. a4-a3 c7-c11 9. h11-i11 h6-h11 10. k4-k3 e9-e10 11. e1-e9xe10 f6-e6 12. d1-c1 d6-d9 13. e9-f9xf10 e6-b6 14. a5-a4 d9-e9xf9 15. a7-a8 f7-c7 16. a9-b9 b5-a5 17. a6-a7 a5-d5 18. a3-g3xg2 d5-d10 19. f1-d1 i7-d7 20. k7-f7 c7-c8 21. f7-f10 f5-f9 22. timeout
black won,48,1. b6-b2 f8-j8 2. a8-i8xj8 g7-g9 3. d11-d9 h6-h3 4. k4-k3 e7-b7 5. e11-c11 f7-g7 6. c11-c7xb7 f6-f8 7. a7-a9 f4-k4 8. a4-a3 g5-j5 9. i8-i5xj5 g9-j9 10. k8-k9 f8-i8 11. d9-i9xj9 e6-e11 12. g11-g8 i8-h8 13. a9-h9 h8-h4 14. f2-j2 h4-b4 15. a6-b6 d6-d10 16. j6-h6xg6 d10-b10 17. d1-d4 b4-b5 18. d4-d5 b10-b7xb6 19. h6-b6 g7-d7xc7 20. k6-c6 b5-c5xd5 21. g8-b8xb7 d7-c7xc6 22. e1-c1 c7-c10 23. k7-c7 e5-e7 24. h9-d9 resigned
white won,47,1. f2-j2 g5-g2 2. b6-b2 g7-g9 3. j6-j10 h6-j6 4. k8-k9 f5-j5 5. h1-i1 e5-i5 6. f10-b10 g6-g3 7. k4-k3 f7-j7 8. h11-i11 g9-i9 9. a4-a3 f8-k8 10. g11-g4 f6-h6 11. g4-k4 d6-c6 12. d1-c1 h6-h10 13. a8-a9 c6-c11 14. a6-b6 k8-b8 15. f11-f5 f4-c4 16. f5-f9 c4-c9 17. k3-j3 e7-e9 18. f1-f8 g3-g9xf9 19. a3-g3xg2 i5-c5 20. a7-c7 b8-c8 21. b6-b9 c5-c6xc7 22. f8-f10 h10-g10 23. f10-c10 e6-e5 24. timeout
black won,68,1. f2-i2 d6-d9 2. f10-c10 f8-i8 3. j6-j9 f7-f10 4. h11-h10 f6-f9 5. h10-i10 d9-b9 6. d11-d9 e6-d6 7. e11-e10 h6-h11 8. h1-h9 f9-f8 9. a8-d8 f8-h8 10. k6-h6xg6 f10-h10xh9 11. g11-g10xh10 h8-h10 12. g10-g11 h10-h7 13. h6-h3 h7-h10 14. c10-c9 h11-i11 15. d9-i9 h10-h9 16. a7-a9xb9 h9-d9 17. d8-c8 d9-d10 18. b6-b10 f5-f10xe10 19. c9-f9xf10 e7-e11 20. c8-c11 e5-e10 21. k7-i7xi8 e10-f10 22. f9-c9 f4-f9 23. c11-d11xe11 d10-d8 24. c9-c3 d8-c8 25. d11-c11 c8-c4 26. a4-b4 c4-j4 27. h3-j3 j4-j7 28. i7-i8 g7-e7 29. g1-h1 j7-h7 30. j9-j11 h7-j7 31. i8-j8 j7-g7 32. h1-h11xi11xi11 g5-g2 33. d1-d2 d6-h6 34. f1-h1 resigned
white won,23,1. d1-d3 e5-e2 2. d3-d2xe2 d6-d9 3. f10-c10 e6-e2 4. g1-g3 e7-e3 5. a4-a3 h6-h3 6. g3-g2 g5-i5 7. j6-j3 f7-c7 8. a5-c5 d9-b9 9. d11-c11 f8-i8 10. h11-i11 f6-d6 11. e1-c1 d6-d10 12. resigned
